{
  "type": "minecraft:add",
  "argument1": {
    "type": "minecraft:mul",
    "argument1": {
      "type": "minecraft:clamp",
      "input": {
        "type": "minecraft:min",
        "argument1": {
          "type": "minecraft:add",
          "argument1": {
            "type": "minecraft:clamp",
            "input": {
              "type": "minecraft:add",
              "argument1": 0.27,
              "argument2": {
                "type": "minecraft:noise",
                "noise": "minecraft:cave_cheese",
                "xz_scale": 1.0,
                "y_scale": 0.6666666666666666
              }
            },
            "max": 1.0,
            "min": -1.0
          },
          "argument2": {
            "type": "minecraft:mul",
            "argument1": 4.0,
            "argument2": {
              "type": "minecraft:square",
              "argument": {
                "type": "minecraft:noise",
                "noise": "minecraft:cave_layer",
                "xz_scale": 1.0,
                "y_scale": 8.0
              }
            }
          }
        },
        "argument2": {
          "type": "minecraft:min",
          "argument1": {
            "type": "minecraft:add",
            "argument1": {
              "type": "minecraft:mul",
              "argument1": {
                "type": "minecraft:add",
                "argument1": 0.4,
                "argument2": {
                  "type": "minecraft:mul",
                  "argument1": -1.0,
                  "argument2": {
                    "type": "minecraft:abs",
                    "argument": {
                      "type": "minecraft:noise",
                      "noise": "minecraft:spaghetti_roughness",
                      "xz_scale": 1.0,
                      "y_scale": 1.0
                    }
                  }
                }
              },
              "argument2": {
                "type": "minecraft:add",
                "argument1": 0.05,
                "argument2": {
                  "type": "minecraft:mul",
                  "argument1": 0.05,
                  "argument2": {
                    "type": "minecraft:noise",
                    "noise": "minecraft:spaghetti_roughness_modulator",
                    "xz_scale": 1.0,
                    "y_scale": 1.0
                  }
                }
              }
            },
            "argument2": {
              "type": "minecraft:min",
              "argument1": {
                "type": "tfc:spaghetti2d",
                "elevation": {
                  "type": "minecraft:add",
                  "argument1": 0.0,
                  "argument2": {
                    "type": "minecraft:mul",
                    "argument1": 8.0,
                    "argument2": {
                      "type": "minecraft:noise",
                      "noise": "minecraft:spaghetti_2d_elevation",
                      "xz_scale": 1.0,
                      "y_scale": 0.0
                    }
                  }
                },
                "noise": "minecraft:spaghetti_2d",
                "rarity": {
                  "type": "minecraft:noise",
                  "noise": "minecraft:spaghetti_2d_modulator",
                  "xz_scale": 2.0,
                  "y_scale": 1.0
                },
                "thickness": {
                  "type": "minecraft:add",
                  "argument1": 0.95,
                  "argument2": {
                    "type": "minecraft:mul",
                    "argument1": 0.35000000000000003,
                    "argument2": {
                      "type": "minecraft:noise",
                      "noise": "minecraft:spaghetti_2d_thickness",
                      "xz_scale": 2.0,
                      "y_scale": 1.0
                    }
                  }
                }
              },
              "argument2": {
                "type": "tfc:spaghetti3d",
                "noise1": "minecraft:spaghetti_3d_1",
                "noise2": "minecraft:spaghetti_3d_2",
                "rarity": {
                  "type": "minecraft:noise",
                  "noise": "minecraft:spaghetti_3d_rarity",
                  "xz_scale": 2.0,
                  "y_scale": 1.0
                },
                "thickness": {
                  "type": "minecraft:add",
                  "argument1": 0.0765,
                  "argument2": {
                    "type": "minecraft:mul",
                    "argument1": 0.011499999999999996,
                    "argument2": {
                      "type": "minecraft:noise",
                      "noise": "minecraft:spaghetti_3d_thickness",
                      "xz_scale": 1.0,
                      "y_scale": 1.0
                    }
                  }
                }
              }
            }
          },
          "argument2": {
            "type": "minecraft:add",
            "argument1": {
              "type": "minecraft:y_clamped_gradient",
              "from_value": 0.3,
              "from_y": -10,
              "to_value": 0.0,
              "to_y": 30
            },
            "argument2": {
              "type": "minecraft:add",
              "argument1": 0.37,
              "argument2": {
                "type": "minecraft:noise",
                "noise": "minecraft:cave_entrance",
                "xz_scale": 0.75,
                "y_scale": 0.5
              }
            }
          }
        }
      },
      "max": 1.0,
      "min": -1.0
    },
    "argument2": {
      "type": "minecraft:add",
      "argument1": 1.0,
      "argument2": {
        "type": "minecraft:mul",
        "argument1": -1.0,
        "argument2": {
          "type": "minecraft:cache_once",
          "argument": {
            "type": "minecraft:y_clamped_gradient",
            "from_value": 0.0,
            "from_y": 20,
            "to_value": 1.0,
            "to_y": 320
          }
        }
      }
    }
  },
  "argument2": {
    "type": "minecraft:mul",
    "argument1": 2.5,
    "argument2": {
      "type": "minecraft:cache_once",
      "argument": {
        "type": "minecraft:y_clamped_gradient",
        "from_value": 0.0,
        "from_y": 20,
        "to_value": 1.0,
        "to_y": 320
      }
    }
  }
}